id,last,first,access
G01,Brkopc,Vfxgdd,1
G02,Hkdxpu,Ydpabj,1
G03,Dnmzoz,Qocfot,1
G04,Nlpppx,Tscoxj,1
G05,Jcpewk,Urwdng,1
G06,Bozsig,Mpalyf,1
G07,Gewhiy,Wcnkow,1
G08,Mmhqvx,Isyvqy,1
G09,Wpjycu,Odzwtu,1
G10,Butxey,Rljalr,1
G11,Duncuu,Hzopii,1
G12,Ztvkfp,Huwape,1
G13,Juigwc,Wtvmtd,1
G14,Yvgawa,Fmottl,1
G15,Swkhvd,Eooilv,1
G16,Rkfusd,Nuqpta,1
G17,Zoqoyz,Bkrnge,1
G18,Iaddbd,Xbjwku,1
G19,Balzqz,Ojwghu,1
G20,Drsxsa,Wvfqlc,1
G21,Npxpai,Plffah,1
G22,Fvjunq,Wwtszf,1
G23,Khnmbg,Fmsudp,1
G24,Zdcmmi,Krrtwo,1
G25,Bbrnls,Ukpzmf,1
G26,Nikhyv,Xgbrid,1
G27,Ukklnu,Cdtzyb,1
G28,Zobsmo,Vsfbal,1
